"_time",username,port
"2024-12-15T12:43:21.000+0100",invalid,3692
"2024-12-15T12:43:21.000+0100",invalid,1464
"2024-12-15T12:43:21.000+0100",invalid,3518
"2024-12-15T12:43:21.000+0100",invalid,2856
"2024-12-15T12:43:21.000+0100",mail,1054
"2024-12-15T12:43:21.000+0100",apache,2630
"2024-12-15T12:43:21.000+0100",invalid,4740
"2024-12-15T12:43:21.000+0100",invalid,1203
"2024-12-15T12:43:21.000+0100",invalid,4802
"2024-12-15T12:43:21.000+0100",invalid,1775
"2024-12-15T12:43:21.000+0100",invalid,1465
"2024-12-15T12:43:21.000+0100",invalid,3305
"2024-12-15T12:43:21.000+0100",invalid,3692
"2024-12-15T12:43:21.000+0100",invalid,3692
"2024-12-15T12:43:21.000+0100",invalid,1464
"2024-12-15T12:43:21.000+0100",invalid,1464
"2024-12-15T12:43:21.000+0100",invalid,3518
"2024-12-15T12:43:21.000+0100",invalid,3518
"2024-12-15T12:43:21.000+0100",invalid,2856
"2024-12-15T12:43:21.000+0100",invalid,2856
"2024-12-15T12:43:21.000+0100",mail,1054
"2024-12-15T12:43:21.000+0100",mail,1054
"2024-12-15T12:43:21.000+0100",apache,2630
"2024-12-15T12:43:21.000+0100",apache,2630
"2024-12-15T12:43:21.000+0100",invalid,4740
"2024-12-15T12:43:21.000+0100",invalid,4740
"2024-12-15T12:43:21.000+0100",invalid,1203
"2024-12-15T12:43:21.000+0100",invalid,1203
"2024-12-15T12:43:21.000+0100",invalid,4802
"2024-12-15T12:43:21.000+0100",invalid,4802
"2024-12-15T12:43:21.000+0100",invalid,1775
"2024-12-15T12:43:21.000+0100",invalid,1775
"2024-12-15T12:43:21.000+0100",invalid,1465
"2024-12-15T12:43:21.000+0100",invalid,1465
"2024-12-15T12:43:21.000+0100",invalid,3305
"2024-12-15T12:43:21.000+0100",invalid,3305
"2024-12-15T12:43:21.000+0100",invalid,3692
"2024-12-15T12:43:21.000+0100",invalid,3692
"2024-12-15T12:43:21.000+0100",invalid,3692
"2024-12-15T12:43:21.000+0100",invalid,1464
"2024-12-15T12:43:21.000+0100",invalid,1464
"2024-12-15T12:43:21.000+0100",invalid,1464
"2024-12-15T12:43:21.000+0100",invalid,3518
"2024-12-15T12:43:21.000+0100",invalid,3518
"2024-12-15T12:43:21.000+0100",invalid,3518
"2024-12-15T12:43:21.000+0100",invalid,2856
"2024-12-15T12:43:21.000+0100",invalid,2856
"2024-12-15T12:43:21.000+0100",invalid,2856
"2024-12-15T12:43:21.000+0100",mail,1054
"2024-12-15T12:43:21.000+0100",mail,1054
"2024-12-15T12:43:21.000+0100",mail,1054
"2024-12-15T12:43:21.000+0100",apache,2630
"2024-12-15T12:43:21.000+0100",apache,2630
"2024-12-15T12:43:21.000+0100",apache,2630
"2024-12-15T12:43:21.000+0100",invalid,4740
"2024-12-15T12:43:21.000+0100",invalid,4740
"2024-12-15T12:43:21.000+0100",invalid,4740
"2024-12-15T12:43:21.000+0100",invalid,1203
"2024-12-15T12:43:21.000+0100",invalid,1203
"2024-12-15T12:43:21.000+0100",invalid,1203
"2024-12-15T12:43:21.000+0100",invalid,4802
"2024-12-15T12:43:21.000+0100",invalid,4802
"2024-12-15T12:43:21.000+0100",invalid,4802
"2024-12-15T12:43:21.000+0100",invalid,1775
"2024-12-15T12:43:21.000+0100",invalid,1775
"2024-12-15T12:43:21.000+0100",invalid,1775
"2024-12-15T12:43:21.000+0100",invalid,1465
"2024-12-15T12:43:21.000+0100",invalid,1465
"2024-12-15T12:43:21.000+0100",invalid,1465
"2024-12-15T12:43:21.000+0100",invalid,3305
"2024-12-15T12:43:21.000+0100",invalid,3305
"2024-12-15T12:43:21.000+0100",invalid,3305
"2024-12-15T12:43:19.000+0100",invalid,2690
"2024-12-15T12:43:19.000+0100",invalid,2690
"2024-12-15T12:43:19.000+0100",invalid,2690
"2024-12-15T12:43:19.000+0100",invalid,2690
"2024-12-15T12:43:19.000+0100",invalid,2690
"2024-12-15T12:43:19.000+0100",invalid,2690
"2024-12-14T12:43:21.000+0100",invalid,4863
"2024-12-14T12:43:21.000+0100",invalid,2959
"2024-12-14T12:43:21.000+0100",invalid,1666
"2024-12-14T12:43:21.000+0100",invalid,3208
"2024-12-14T12:43:21.000+0100",ncsd,1431
"2024-12-14T12:43:21.000+0100",squid,2265
"2024-12-14T12:43:21.000+0100",gopher,2771
"2024-12-14T12:43:21.000+0100",bin,1783
"2024-12-14T12:43:21.000+0100",invalid,4516
"2024-12-14T12:43:21.000+0100",invalid,1229
"2024-12-14T12:43:21.000+0100",invalid,3830
"2024-12-14T12:43:21.000+0100",invalid,3875
"2024-12-14T12:43:21.000+0100",root,1711
"2024-12-14T12:43:21.000+0100",invalid,2048
"2024-12-14T12:43:21.000+0100",nobody,2247
"2024-12-14T12:43:21.000+0100",invalid,4863
"2024-12-14T12:43:21.000+0100",invalid,4863
"2024-12-14T12:43:21.000+0100",invalid,2959
"2024-12-14T12:43:21.000+0100",invalid,2959
"2024-12-14T12:43:21.000+0100",invalid,1666
"2024-12-14T12:43:21.000+0100",invalid,1666
"2024-12-14T12:43:21.000+0100",invalid,3208
"2024-12-14T12:43:21.000+0100",invalid,3208
"2024-12-14T12:43:21.000+0100",ncsd,1431
"2024-12-14T12:43:21.000+0100",ncsd,1431
"2024-12-14T12:43:21.000+0100",squid,2265
"2024-12-14T12:43:21.000+0100",squid,2265
"2024-12-14T12:43:21.000+0100",gopher,2771
"2024-12-14T12:43:21.000+0100",gopher,2771
"2024-12-14T12:43:21.000+0100",bin,1783
"2024-12-14T12:43:21.000+0100",bin,1783
"2024-12-14T12:43:21.000+0100",invalid,4516
"2024-12-14T12:43:21.000+0100",invalid,4516
"2024-12-14T12:43:21.000+0100",invalid,1229
"2024-12-14T12:43:21.000+0100",invalid,1229
"2024-12-14T12:43:21.000+0100",invalid,3830
"2024-12-14T12:43:21.000+0100",invalid,3830
"2024-12-14T12:43:21.000+0100",invalid,3875
"2024-12-14T12:43:21.000+0100",invalid,3875
"2024-12-14T12:43:21.000+0100",root,1711
"2024-12-14T12:43:21.000+0100",root,1711
"2024-12-14T12:43:21.000+0100",invalid,2048
"2024-12-14T12:43:21.000+0100",invalid,2048
"2024-12-14T12:43:21.000+0100",nobody,2247
"2024-12-14T12:43:21.000+0100",nobody,2247
"2024-12-14T12:43:21.000+0100",invalid,4863
"2024-12-14T12:43:21.000+0100",invalid,2959
"2024-12-14T12:43:21.000+0100",invalid,1666
"2024-12-14T12:43:21.000+0100",invalid,3208
"2024-12-14T12:43:21.000+0100",ncsd,1431
"2024-12-14T12:43:21.000+0100",squid,2265
"2024-12-14T12:43:21.000+0100",gopher,2771
"2024-12-14T12:43:21.000+0100",bin,1783
"2024-12-14T12:43:21.000+0100",invalid,4516
"2024-12-14T12:43:21.000+0100",invalid,1229
"2024-12-14T12:43:21.000+0100",invalid,3830
"2024-12-14T12:43:21.000+0100",invalid,3875
"2024-12-14T12:43:21.000+0100",root,1711
"2024-12-14T12:43:21.000+0100",invalid,2048
"2024-12-14T12:43:21.000+0100",nobody,2247
"2024-12-14T12:43:21.000+0100",invalid,4863
"2024-12-14T12:43:21.000+0100",invalid,4863
"2024-12-14T12:43:21.000+0100",invalid,2959
"2024-12-14T12:43:21.000+0100",invalid,2959
"2024-12-14T12:43:21.000+0100",invalid,1666
"2024-12-14T12:43:21.000+0100",invalid,1666
"2024-12-14T12:43:21.000+0100",invalid,3208
"2024-12-14T12:43:21.000+0100",invalid,3208
"2024-12-14T12:43:21.000+0100",ncsd,1431
"2024-12-14T12:43:21.000+0100",ncsd,1431
"2024-12-14T12:43:21.000+0100",squid,2265
"2024-12-14T12:43:21.000+0100",squid,2265
"2024-12-14T12:43:21.000+0100",gopher,2771
"2024-12-14T12:43:21.000+0100",gopher,2771
"2024-12-14T12:43:21.000+0100",bin,1783
"2024-12-14T12:43:21.000+0100",bin,1783
"2024-12-14T12:43:21.000+0100",invalid,4516
"2024-12-14T12:43:21.000+0100",invalid,4516
"2024-12-14T12:43:21.000+0100",invalid,1229
"2024-12-14T12:43:21.000+0100",invalid,1229
"2024-12-14T12:43:21.000+0100",invalid,3830
"2024-12-14T12:43:21.000+0100",invalid,3830
"2024-12-14T12:43:21.000+0100",invalid,3875
"2024-12-14T12:43:21.000+0100",invalid,3875
"2024-12-14T12:43:21.000+0100",root,1711
"2024-12-14T12:43:21.000+0100",root,1711
"2024-12-14T12:43:21.000+0100",invalid,2048
"2024-12-14T12:43:21.000+0100",invalid,2048
"2024-12-14T12:43:21.000+0100",nobody,2247
"2024-12-14T12:43:21.000+0100",nobody,2247
"2024-12-14T12:43:20.000+0100",invalid,1393
"2024-12-14T12:43:20.000+0100",sync,1695
"2024-12-14T12:43:20.000+0100",invalid,3673
"2024-12-14T12:43:20.000+0100",invalid,1582
"2024-12-14T12:43:20.000+0100",invalid,1635
"2024-12-14T12:43:20.000+0100",invalid,4339
"2024-12-14T12:43:20.000+0100",invalid,1954
"2024-12-14T12:43:20.000+0100",invalid,2650
"2024-12-14T12:43:20.000+0100",invalid,1393
"2024-12-14T12:43:20.000+0100",invalid,1393
"2024-12-14T12:43:20.000+0100",sync,1695
"2024-12-14T12:43:20.000+0100",sync,1695
"2024-12-14T12:43:20.000+0100",invalid,3673
"2024-12-14T12:43:20.000+0100",invalid,3673
"2024-12-14T12:43:20.000+0100",invalid,1582
"2024-12-14T12:43:20.000+0100",invalid,1582
"2024-12-14T12:43:20.000+0100",invalid,1635
"2024-12-14T12:43:20.000+0100",invalid,1635
"2024-12-14T12:43:20.000+0100",invalid,4339
"2024-12-14T12:43:20.000+0100",invalid,4339
"2024-12-14T12:43:20.000+0100",invalid,1954
"2024-12-14T12:43:20.000+0100",invalid,1954
"2024-12-14T12:43:20.000+0100",invalid,2650
"2024-12-14T12:43:20.000+0100",invalid,2650
"2024-12-14T12:43:20.000+0100",invalid,1393
"2024-12-14T12:43:20.000+0100",sync,1695
"2024-12-14T12:43:20.000+0100",invalid,3673
"2024-12-14T12:43:20.000+0100",invalid,1582
"2024-12-14T12:43:20.000+0100",invalid,1635
"2024-12-14T12:43:20.000+0100",invalid,4339
"2024-12-14T12:43:20.000+0100",invalid,1954
"2024-12-14T12:43:20.000+0100",invalid,2650
"2024-12-14T12:43:20.000+0100",invalid,1393
"2024-12-14T12:43:20.000+0100",invalid,1393
"2024-12-14T12:43:20.000+0100",sync,1695
"2024-12-14T12:43:20.000+0100",sync,1695
"2024-12-14T12:43:20.000+0100",invalid,3673
"2024-12-14T12:43:20.000+0100",invalid,3673
"2024-12-14T12:43:20.000+0100",invalid,1582
"2024-12-14T12:43:20.000+0100",invalid,1582
"2024-12-14T12:43:20.000+0100",invalid,1635
"2024-12-14T12:43:20.000+0100",invalid,1635
"2024-12-14T12:43:20.000+0100",invalid,4339
"2024-12-14T12:43:20.000+0100",invalid,4339
"2024-12-14T12:43:20.000+0100",invalid,1954
"2024-12-14T12:43:20.000+0100",invalid,1954
"2024-12-14T12:43:20.000+0100",invalid,2650
"2024-12-14T12:43:20.000+0100",invalid,2650
"2024-12-13T12:43:21.000+0100",invalid,3766
"2024-12-13T12:43:21.000+0100",invalid,2784
"2024-12-13T12:43:21.000+0100",invalid,3548
"2024-12-13T12:43:21.000+0100",edgy,1097
"2024-12-13T12:43:21.000+0100",invalid,3707
"2024-12-13T12:43:21.000+0100",invalid,4566
"2024-12-13T12:43:21.000+0100",ftp,2043
"2024-12-13T12:43:21.000+0100",invalid,2190
"2024-12-13T12:43:21.000+0100",hammer,1323
"2024-12-13T12:43:21.000+0100",invalid,3766
"2024-12-13T12:43:21.000+0100",invalid,3766
"2024-12-13T12:43:21.000+0100",invalid,2784
"2024-12-13T12:43:21.000+0100",invalid,2784
"2024-12-13T12:43:21.000+0100",invalid,3548
"2024-12-13T12:43:21.000+0100",invalid,3548
"2024-12-13T12:43:21.000+0100",edgy,1097
"2024-12-13T12:43:21.000+0100",edgy,1097
"2024-12-13T12:43:21.000+0100",invalid,3707
"2024-12-13T12:43:21.000+0100",invalid,3707
"2024-12-13T12:43:21.000+0100",invalid,3766
"2024-12-13T12:43:21.000+0100",invalid,2784
"2024-12-13T12:43:21.000+0100",invalid,3548
"2024-12-13T12:43:21.000+0100",edgy,1097
"2024-12-13T12:43:21.000+0100",invalid,3707
"2024-12-13T12:43:21.000+0100",invalid,4566
"2024-12-13T12:43:21.000+0100",invalid,4566
"2024-12-13T12:43:21.000+0100",ftp,2043
"2024-12-13T12:43:21.000+0100",ftp,2043
"2024-12-13T12:43:21.000+0100",invalid,2190
"2024-12-13T12:43:21.000+0100",invalid,2190
"2024-12-13T12:43:21.000+0100",hammer,1323
"2024-12-13T12:43:21.000+0100",hammer,1323
"2024-12-13T12:43:21.000+0100",invalid,4566
"2024-12-13T12:43:21.000+0100",ftp,2043
"2024-12-13T12:43:21.000+0100",invalid,2190
"2024-12-13T12:43:21.000+0100",hammer,1323
"2024-12-13T12:43:21.000+0100",invalid,3766
"2024-12-13T12:43:21.000+0100",invalid,3766
"2024-12-13T12:43:21.000+0100",invalid,2784
"2024-12-13T12:43:21.000+0100",invalid,2784
"2024-12-13T12:43:21.000+0100",invalid,3548
"2024-12-13T12:43:21.000+0100",invalid,3548
"2024-12-13T12:43:21.000+0100",edgy,1097
"2024-12-13T12:43:21.000+0100",edgy,1097
"2024-12-13T12:43:21.000+0100",invalid,3707
"2024-12-13T12:43:21.000+0100",invalid,3707
"2024-12-13T12:43:21.000+0100",invalid,4566
"2024-12-13T12:43:21.000+0100",invalid,4566
"2024-12-13T12:43:21.000+0100",ftp,2043
"2024-12-13T12:43:21.000+0100",ftp,2043
"2024-12-13T12:43:21.000+0100",invalid,2190
"2024-12-13T12:43:21.000+0100",invalid,2190
"2024-12-13T12:43:21.000+0100",hammer,1323
"2024-12-13T12:43:21.000+0100",hammer,1323
"2024-12-13T12:43:20.000+0100",ncsd,4022
"2024-12-13T12:43:20.000+0100",games,1763
"2024-12-13T12:43:20.000+0100",invalid,1583
"2024-12-13T12:43:20.000+0100",invalid,3420
"2024-12-13T12:43:20.000+0100",invalid,1059
"2024-12-13T12:43:20.000+0100",root,3683
"2024-12-13T12:43:20.000+0100",invalid,1173
"2024-12-13T12:43:20.000+0100",invalid,3473
"2024-12-13T12:43:20.000+0100",mail,2696
"2024-12-13T12:43:20.000+0100",invalid,1442
"2024-12-13T12:43:20.000+0100",invalid,3384
"2024-12-13T12:43:20.000+0100",invalid,3306
"2024-12-13T12:43:20.000+0100",ftp,3216
"2024-12-13T12:43:20.000+0100",invalid,1749
"2024-12-13T12:43:20.000+0100",invalid,4403
"2024-12-13T12:43:20.000+0100",prince,1975
"2024-12-13T12:43:20.000+0100",mail,3805
"2024-12-13T12:43:20.000+0100",invalid,1991
"2024-12-13T12:43:20.000+0100",invalid,4052
"2024-12-13T12:43:20.000+0100",invalid,3385
"2024-12-13T12:43:20.000+0100",ncsd,4022
"2024-12-13T12:43:20.000+0100",ncsd,4022
"2024-12-13T12:43:20.000+0100",games,1763
"2024-12-13T12:43:20.000+0100",games,1763
"2024-12-13T12:43:20.000+0100",invalid,1583
"2024-12-13T12:43:20.000+0100",invalid,1583
"2024-12-13T12:43:20.000+0100",invalid,3420
"2024-12-13T12:43:20.000+0100",invalid,3420
"2024-12-13T12:43:20.000+0100",invalid,1059
"2024-12-13T12:43:20.000+0100",invalid,1059
"2024-12-13T12:43:20.000+0100",root,3683
"2024-12-13T12:43:20.000+0100",root,3683
"2024-12-13T12:43:20.000+0100",invalid,1173
"2024-12-13T12:43:20.000+0100",invalid,1173
"2024-12-13T12:43:20.000+0100",invalid,3473
"2024-12-13T12:43:20.000+0100",invalid,3473
"2024-12-13T12:43:20.000+0100",mail,2696
"2024-12-13T12:43:20.000+0100",mail,2696
"2024-12-13T12:43:20.000+0100",invalid,1442
"2024-12-13T12:43:20.000+0100",invalid,1442
"2024-12-13T12:43:20.000+0100",invalid,3384
"2024-12-13T12:43:20.000+0100",invalid,3384
"2024-12-13T12:43:20.000+0100",invalid,3306
"2024-12-13T12:43:20.000+0100",invalid,3306
"2024-12-13T12:43:20.000+0100",ftp,3216
"2024-12-13T12:43:20.000+0100",ftp,3216
"2024-12-13T12:43:20.000+0100",invalid,1749
"2024-12-13T12:43:20.000+0100",invalid,1749
"2024-12-13T12:43:20.000+0100",invalid,4403
"2024-12-13T12:43:20.000+0100",invalid,4403
"2024-12-13T12:43:20.000+0100",prince,1975
"2024-12-13T12:43:20.000+0100",prince,1975
"2024-12-13T12:43:20.000+0100",mail,3805
"2024-12-13T12:43:20.000+0100",mail,3805
"2024-12-13T12:43:20.000+0100",invalid,1991
"2024-12-13T12:43:20.000+0100",invalid,1991
"2024-12-13T12:43:20.000+0100",invalid,4052
"2024-12-13T12:43:20.000+0100",invalid,4052
"2024-12-13T12:43:20.000+0100",invalid,3385
"2024-12-13T12:43:20.000+0100",invalid,3385
"2024-12-13T12:43:20.000+0100",ncsd,4022
"2024-12-13T12:43:20.000+0100",games,1763
"2024-12-13T12:43:20.000+0100",invalid,1583
"2024-12-13T12:43:20.000+0100",invalid,3420
"2024-12-13T12:43:20.000+0100",invalid,1059
"2024-12-13T12:43:20.000+0100",root,3683
"2024-12-13T12:43:20.000+0100",invalid,1173
"2024-12-13T12:43:20.000+0100",invalid,3473
"2024-12-13T12:43:20.000+0100",mail,2696
"2024-12-13T12:43:20.000+0100",invalid,1442
"2024-12-13T12:43:20.000+0100",invalid,3384
"2024-12-13T12:43:20.000+0100",invalid,3306
"2024-12-13T12:43:20.000+0100",ftp,3216
"2024-12-13T12:43:20.000+0100",invalid,1749
"2024-12-13T12:43:20.000+0100",invalid,4403
"2024-12-13T12:43:20.000+0100",prince,1975
"2024-12-13T12:43:20.000+0100",mail,3805
"2024-12-13T12:43:20.000+0100",invalid,1991
"2024-12-13T12:43:20.000+0100",invalid,4052
"2024-12-13T12:43:20.000+0100",invalid,3385
"2024-12-13T12:43:20.000+0100",ncsd,4022
"2024-12-13T12:43:20.000+0100",ncsd,4022
"2024-12-13T12:43:20.000+0100",games,1763
"2024-12-13T12:43:20.000+0100",games,1763
"2024-12-13T12:43:20.000+0100",invalid,1583
"2024-12-13T12:43:20.000+0100",invalid,1583
"2024-12-13T12:43:20.000+0100",invalid,3420
"2024-12-13T12:43:20.000+0100",invalid,3420
"2024-12-13T12:43:20.000+0100",invalid,1059
"2024-12-13T12:43:20.000+0100",invalid,1059
"2024-12-13T12:43:20.000+0100",root,3683
"2024-12-13T12:43:20.000+0100",root,3683
"2024-12-13T12:43:20.000+0100",invalid,1173
"2024-12-13T12:43:20.000+0100",invalid,1173
"2024-12-13T12:43:20.000+0100",invalid,3473
"2024-12-13T12:43:20.000+0100",invalid,3473
"2024-12-13T12:43:20.000+0100",mail,2696
"2024-12-13T12:43:20.000+0100",mail,2696
"2024-12-13T12:43:20.000+0100",invalid,1442
"2024-12-13T12:43:20.000+0100",invalid,1442
"2024-12-13T12:43:20.000+0100",invalid,3384
"2024-12-13T12:43:20.000+0100",invalid,3384
"2024-12-13T12:43:20.000+0100",invalid,3306
"2024-12-13T12:43:20.000+0100",invalid,3306
"2024-12-13T12:43:20.000+0100",ftp,3216
"2024-12-13T12:43:20.000+0100",ftp,3216
"2024-12-13T12:43:20.000+0100",invalid,1749
"2024-12-13T12:43:20.000+0100",invalid,1749
"2024-12-13T12:43:20.000+0100",invalid,4403
"2024-12-13T12:43:20.000+0100",invalid,4403
"2024-12-13T12:43:20.000+0100",prince,1975
"2024-12-13T12:43:20.000+0100",prince,1975
"2024-12-13T12:43:20.000+0100",mail,3805
"2024-12-13T12:43:20.000+0100",mail,3805
"2024-12-13T12:43:20.000+0100",invalid,1991
"2024-12-13T12:43:20.000+0100",invalid,1991
"2024-12-13T12:43:20.000+0100",invalid,4052
"2024-12-13T12:43:20.000+0100",invalid,4052
"2024-12-13T12:43:20.000+0100",invalid,3385
"2024-12-13T12:43:20.000+0100",invalid,3385
"2024-12-12T12:43:21.000+0100",dopey,1090
"2024-12-12T12:43:21.000+0100",britany,2357
"2024-12-12T12:43:21.000+0100",invalid,3447
"2024-12-12T12:43:21.000+0100",jira,1560
"2024-12-12T12:43:21.000+0100",nobody,2638
"2024-12-12T12:43:21.000+0100",invalid,3055
"2024-12-12T12:43:21.000+0100",invalid,1609
"2024-12-12T12:43:21.000+0100",invalid,1278
"2024-12-12T12:43:21.000+0100",invalid,2061
"2024-12-12T12:43:21.000+0100",invalid,3682
"2024-12-12T12:43:21.000+0100",invalid,1401
"2024-12-12T12:43:21.000+0100",nobody,3374
"2024-12-12T12:43:21.000+0100",invalid,3775
"2024-12-12T12:43:21.000+0100",invalid,3214
"2024-12-12T12:43:21.000+0100",invalid,3551
"2024-12-12T12:43:21.000+0100",invalid,4051
"2024-12-12T12:43:21.000+0100",invalid,2500
"2024-12-12T12:43:21.000+0100",root,1783
"2024-12-12T12:43:21.000+0100",invalid,4692
"2024-12-12T12:43:21.000+0100",invalid,3263
"2024-12-12T12:43:21.000+0100",invalid,2004
"2024-12-12T12:43:21.000+0100",invalid,4391
"2024-12-12T12:43:21.000+0100",invalid,1436
"2024-12-12T12:43:21.000+0100",nagios,1309
"2024-12-12T12:43:21.000+0100",root,4380
"2024-12-12T12:43:21.000+0100",peevish,4938
"2024-12-12T12:43:21.000+0100",root,4032
"2024-12-12T12:43:21.000+0100",root,2475
"2024-12-12T12:43:21.000+0100",invalid,4720
"2024-12-12T12:43:21.000+0100",invalid,3588
"2024-12-12T12:43:21.000+0100",invalid,2857
"2024-12-12T12:43:21.000+0100",invalid,1416
"2024-12-12T12:43:21.000+0100",hammer,1465
"2024-12-12T12:43:21.000+0100",dopey,1090
"2024-12-12T12:43:21.000+0100",dopey,1090
"2024-12-12T12:43:21.000+0100",britany,2357
"2024-12-12T12:43:21.000+0100",britany,2357
"2024-12-12T12:43:21.000+0100",invalid,3447
"2024-12-12T12:43:21.000+0100",invalid,3447
"2024-12-12T12:43:21.000+0100",jira,1560
"2024-12-12T12:43:21.000+0100",jira,1560
"2024-12-12T12:43:21.000+0100",nobody,2638
"2024-12-12T12:43:21.000+0100",nobody,2638
"2024-12-12T12:43:21.000+0100",invalid,3055
"2024-12-12T12:43:21.000+0100",invalid,3055
"2024-12-12T12:43:21.000+0100",invalid,1609
"2024-12-12T12:43:21.000+0100",invalid,1609
"2024-12-12T12:43:21.000+0100",invalid,1278
"2024-12-12T12:43:21.000+0100",invalid,1278
"2024-12-12T12:43:21.000+0100",invalid,2061
"2024-12-12T12:43:21.000+0100",invalid,2061
"2024-12-12T12:43:21.000+0100",invalid,3682
"2024-12-12T12:43:21.000+0100",invalid,3682
"2024-12-12T12:43:21.000+0100",invalid,1401
"2024-12-12T12:43:21.000+0100",invalid,1401
"2024-12-12T12:43:21.000+0100",nobody,3374
"2024-12-12T12:43:21.000+0100",nobody,3374
"2024-12-12T12:43:21.000+0100",invalid,3775
"2024-12-12T12:43:21.000+0100",invalid,3775
"2024-12-12T12:43:21.000+0100",invalid,3214
"2024-12-12T12:43:21.000+0100",invalid,3214
"2024-12-12T12:43:21.000+0100",invalid,3551
"2024-12-12T12:43:21.000+0100",invalid,3551
"2024-12-12T12:43:21.000+0100",invalid,4051
"2024-12-12T12:43:21.000+0100",invalid,4051
"2024-12-12T12:43:21.000+0100",invalid,2500
"2024-12-12T12:43:21.000+0100",invalid,2500
"2024-12-12T12:43:21.000+0100",root,1783
"2024-12-12T12:43:21.000+0100",root,1783
"2024-12-12T12:43:21.000+0100",invalid,4692
"2024-12-12T12:43:21.000+0100",invalid,4692
"2024-12-12T12:43:21.000+0100",invalid,3263
"2024-12-12T12:43:21.000+0100",invalid,3263
"2024-12-12T12:43:21.000+0100",invalid,2004
"2024-12-12T12:43:21.000+0100",invalid,2004
"2024-12-12T12:43:21.000+0100",invalid,4391
"2024-12-12T12:43:21.000+0100",invalid,4391
"2024-12-12T12:43:21.000+0100",invalid,1436
"2024-12-12T12:43:21.000+0100",invalid,1436
"2024-12-12T12:43:21.000+0100",nagios,1309
"2024-12-12T12:43:21.000+0100",nagios,1309
"2024-12-12T12:43:21.000+0100",root,4380
"2024-12-12T12:43:21.000+0100",root,4380
"2024-12-12T12:43:21.000+0100",peevish,4938
"2024-12-12T12:43:21.000+0100",peevish,4938
"2024-12-12T12:43:21.000+0100",dopey,1090
"2024-12-12T12:43:21.000+0100",root,4032
"2024-12-12T12:43:21.000+0100",root,4032
"2024-12-12T12:43:21.000+0100",britany,2357
"2024-12-12T12:43:21.000+0100",root,2475
"2024-12-12T12:43:21.000+0100",root,2475
"2024-12-12T12:43:21.000+0100",invalid,3447
"2024-12-12T12:43:21.000+0100",invalid,4720
"2024-12-12T12:43:21.000+0100",invalid,4720
"2024-12-12T12:43:21.000+0100",jira,1560
"2024-12-12T12:43:21.000+0100",invalid,3588
"2024-12-12T12:43:21.000+0100",invalid,3588
"2024-12-12T12:43:21.000+0100",nobody,2638
"2024-12-12T12:43:21.000+0100",invalid,2857
"2024-12-12T12:43:21.000+0100",invalid,2857
"2024-12-12T12:43:21.000+0100",invalid,3055
"2024-12-12T12:43:21.000+0100",invalid,1416
"2024-12-12T12:43:21.000+0100",invalid,1416
"2024-12-12T12:43:21.000+0100",invalid,1609
"2024-12-12T12:43:21.000+0100",hammer,1465
"2024-12-12T12:43:21.000+0100",hammer,1465
"2024-12-12T12:43:21.000+0100",invalid,1278
"2024-12-12T12:43:21.000+0100",invalid,2061
"2024-12-12T12:43:21.000+0100",invalid,3682
"2024-12-12T12:43:21.000+0100",invalid,1401
"2024-12-12T12:43:21.000+0100",nobody,3374
"2024-12-12T12:43:21.000+0100",invalid,3775
"2024-12-12T12:43:21.000+0100",invalid,3214
"2024-12-12T12:43:21.000+0100",invalid,3551
"2024-12-12T12:43:21.000+0100",invalid,4051
"2024-12-12T12:43:21.000+0100",invalid,2500
"2024-12-12T12:43:21.000+0100",root,1783
"2024-12-12T12:43:21.000+0100",invalid,4692
"2024-12-12T12:43:21.000+0100",invalid,3263
"2024-12-12T12:43:21.000+0100",invalid,2004
"2024-12-12T12:43:21.000+0100",invalid,4391
"2024-12-12T12:43:21.000+0100",invalid,1436
"2024-12-12T12:43:21.000+0100",nagios,1309
"2024-12-12T12:43:21.000+0100",root,4380
"2024-12-12T12:43:21.000+0100",peevish,4938
"2024-12-12T12:43:21.000+0100",root,4032
"2024-12-12T12:43:21.000+0100",root,2475
"2024-12-12T12:43:21.000+0100",invalid,4720
"2024-12-12T12:43:21.000+0100",invalid,3588
"2024-12-12T12:43:21.000+0100",invalid,2857
"2024-12-12T12:43:21.000+0100",invalid,1416
"2024-12-12T12:43:21.000+0100",hammer,1465
"2024-12-12T12:43:21.000+0100",dopey,1090
"2024-12-12T12:43:21.000+0100",dopey,1090
"2024-12-12T12:43:21.000+0100",britany,2357
"2024-12-12T12:43:21.000+0100",britany,2357
"2024-12-12T12:43:21.000+0100",invalid,3447
"2024-12-12T12:43:21.000+0100",invalid,3447
"2024-12-12T12:43:21.000+0100",jira,1560
"2024-12-12T12:43:21.000+0100",jira,1560
"2024-12-12T12:43:21.000+0100",nobody,2638
"2024-12-12T12:43:21.000+0100",nobody,2638
"2024-12-12T12:43:21.000+0100",invalid,3055
"2024-12-12T12:43:21.000+0100",invalid,3055
"2024-12-12T12:43:21.000+0100",invalid,1609
"2024-12-12T12:43:21.000+0100",invalid,1609
"2024-12-12T12:43:21.000+0100",invalid,1278
"2024-12-12T12:43:21.000+0100",invalid,1278
"2024-12-12T12:43:21.000+0100",invalid,2061
"2024-12-12T12:43:21.000+0100",invalid,2061
"2024-12-12T12:43:21.000+0100",invalid,3682
"2024-12-12T12:43:21.000+0100",invalid,3682
"2024-12-12T12:43:21.000+0100",invalid,1401
"2024-12-12T12:43:21.000+0100",invalid,1401
"2024-12-12T12:43:21.000+0100",nobody,3374
"2024-12-12T12:43:21.000+0100",nobody,3374
"2024-12-12T12:43:21.000+0100",invalid,3775
"2024-12-12T12:43:21.000+0100",invalid,3775
"2024-12-12T12:43:21.000+0100",invalid,3214
"2024-12-12T12:43:21.000+0100",invalid,3214
"2024-12-12T12:43:21.000+0100",invalid,3551
"2024-12-12T12:43:21.000+0100",invalid,3551
"2024-12-12T12:43:21.000+0100",invalid,4051
"2024-12-12T12:43:21.000+0100",invalid,4051
"2024-12-12T12:43:21.000+0100",invalid,2500
"2024-12-12T12:43:21.000+0100",invalid,2500
"2024-12-12T12:43:21.000+0100",root,1783
"2024-12-12T12:43:21.000+0100",root,1783
"2024-12-12T12:43:21.000+0100",invalid,4692
"2024-12-12T12:43:21.000+0100",invalid,4692
"2024-12-12T12:43:21.000+0100",invalid,3263
"2024-12-12T12:43:21.000+0100",invalid,3263
"2024-12-12T12:43:21.000+0100",invalid,2004
"2024-12-12T12:43:21.000+0100",invalid,2004
"2024-12-12T12:43:21.000+0100",invalid,4391
"2024-12-12T12:43:21.000+0100",invalid,4391
"2024-12-12T12:43:21.000+0100",invalid,1436
"2024-12-12T12:43:21.000+0100",invalid,1436
"2024-12-12T12:43:21.000+0100",nagios,1309
"2024-12-12T12:43:21.000+0100",nagios,1309
"2024-12-12T12:43:21.000+0100",root,4380
"2024-12-12T12:43:21.000+0100",root,4380
"2024-12-12T12:43:21.000+0100",peevish,4938
"2024-12-12T12:43:21.000+0100",peevish,4938
"2024-12-12T12:43:21.000+0100",root,4032
"2024-12-12T12:43:21.000+0100",root,4032
"2024-12-12T12:43:21.000+0100",root,2475
"2024-12-12T12:43:21.000+0100",root,2475
"2024-12-12T12:43:21.000+0100",invalid,4720
"2024-12-12T12:43:21.000+0100",invalid,4720
"2024-12-12T12:43:21.000+0100",invalid,3588
"2024-12-12T12:43:21.000+0100",invalid,3588
"2024-12-12T12:43:21.000+0100",invalid,2857
"2024-12-12T12:43:21.000+0100",invalid,2857
"2024-12-12T12:43:21.000+0100",invalid,1416
"2024-12-12T12:43:21.000+0100",invalid,1416
"2024-12-12T12:43:21.000+0100",hammer,1465
"2024-12-12T12:43:21.000+0100",hammer,1465
"2024-12-11T12:43:19.000+0100",invalid,4130
"2024-12-11T12:43:19.000+0100",invalid,2870
"2024-12-11T12:43:19.000+0100",backup,2046
"2024-12-11T12:43:19.000+0100",root,3563
"2024-12-11T12:43:19.000+0100",news,1869
"2024-12-11T12:43:19.000+0100",jira,4790
"2024-12-11T12:43:19.000+0100",games,1430
"2024-12-11T12:43:19.000+0100",invalid,1173
"2024-12-11T12:43:19.000+0100",invalid,2237
"2024-12-11T12:43:19.000+0100",invalid,3166
"2024-12-11T12:43:19.000+0100",invalid,3458
"2024-12-11T12:43:19.000+0100",jira,2213
"2024-12-11T12:43:19.000+0100",invalid,4130
"2024-12-11T12:43:19.000+0100",invalid,4130
"2024-12-11T12:43:19.000+0100",invalid,2870
"2024-12-11T12:43:19.000+0100",invalid,2870
"2024-12-11T12:43:19.000+0100",backup,2046
"2024-12-11T12:43:19.000+0100",backup,2046
"2024-12-11T12:43:19.000+0100",root,3563
"2024-12-11T12:43:19.000+0100",root,3563
"2024-12-11T12:43:19.000+0100",news,1869
"2024-12-11T12:43:19.000+0100",news,1869
"2024-12-11T12:43:19.000+0100",jira,4790
"2024-12-11T12:43:19.000+0100",jira,4790
"2024-12-11T12:43:19.000+0100",games,1430
"2024-12-11T12:43:19.000+0100",games,1430
"2024-12-11T12:43:19.000+0100",invalid,1173
"2024-12-11T12:43:19.000+0100",invalid,1173
"2024-12-11T12:43:19.000+0100",invalid,2237
"2024-12-11T12:43:19.000+0100",invalid,2237
"2024-12-11T12:43:19.000+0100",invalid,3166
"2024-12-11T12:43:19.000+0100",invalid,3166
"2024-12-11T12:43:19.000+0100",invalid,3458
"2024-12-11T12:43:19.000+0100",invalid,3458
"2024-12-11T12:43:19.000+0100",jira,2213
"2024-12-11T12:43:19.000+0100",jira,2213
"2024-12-11T12:43:19.000+0100",invalid,4130
"2024-12-11T12:43:19.000+0100",invalid,2870
"2024-12-11T12:43:19.000+0100",backup,2046
"2024-12-11T12:43:19.000+0100",root,3563
"2024-12-11T12:43:19.000+0100",news,1869
"2024-12-11T12:43:19.000+0100",jira,4790
"2024-12-11T12:43:19.000+0100",games,1430
"2024-12-11T12:43:19.000+0100",invalid,1173
"2024-12-11T12:43:19.000+0100",invalid,2237
"2024-12-11T12:43:19.000+0100",invalid,3166
"2024-12-11T12:43:19.000+0100",invalid,3458
"2024-12-11T12:43:19.000+0100",jira,2213
"2024-12-11T12:43:19.000+0100",invalid,4130
"2024-12-11T12:43:19.000+0100",invalid,4130
"2024-12-11T12:43:19.000+0100",invalid,2870
"2024-12-11T12:43:19.000+0100",invalid,2870
"2024-12-11T12:43:19.000+0100",backup,2046
"2024-12-11T12:43:19.000+0100",backup,2046
"2024-12-11T12:43:19.000+0100",root,3563
"2024-12-11T12:43:19.000+0100",root,3563
"2024-12-11T12:43:19.000+0100",news,1869
"2024-12-11T12:43:19.000+0100",news,1869
"2024-12-11T12:43:19.000+0100",jira,4790
"2024-12-11T12:43:19.000+0100",jira,4790
"2024-12-11T12:43:19.000+0100",games,1430
"2024-12-11T12:43:19.000+0100",games,1430
"2024-12-11T12:43:19.000+0100",invalid,1173
"2024-12-11T12:43:19.000+0100",invalid,1173
"2024-12-11T12:43:19.000+0100",invalid,2237
"2024-12-11T12:43:19.000+0100",invalid,2237
"2024-12-11T12:43:19.000+0100",invalid,3166
"2024-12-11T12:43:19.000+0100",invalid,3166
"2024-12-11T12:43:19.000+0100",invalid,3458
"2024-12-11T12:43:19.000+0100",invalid,3458
"2024-12-11T12:43:19.000+0100",jira,2213
"2024-12-11T12:43:19.000+0100",jira,2213
"2024-12-09T12:43:21.000+0100",invalid,3556
"2024-12-09T12:43:21.000+0100",invalid,4880
"2024-12-09T12:43:21.000+0100",invalid,3138
"2024-12-09T12:43:21.000+0100",invalid,3765
"2024-12-09T12:43:21.000+0100",root,1301
"2024-12-09T12:43:21.000+0100",invalid,4535
"2024-12-09T12:43:21.000+0100",invalid,4943
"2024-12-09T12:43:21.000+0100",invalid,1605
"2024-12-09T12:43:21.000+0100",invalid,1135
"2024-12-09T12:43:21.000+0100",invalid,4644
"2024-12-09T12:43:21.000+0100",invalid,3640
"2024-12-09T12:43:21.000+0100",invalid,2558
"2024-12-09T12:43:21.000+0100",invalid,4979
"2024-12-09T12:43:21.000+0100",britany,4639
"2024-12-09T12:43:21.000+0100",invalid,3556
"2024-12-09T12:43:21.000+0100",invalid,3556
"2024-12-09T12:43:21.000+0100",invalid,4880
"2024-12-09T12:43:21.000+0100",invalid,4880
"2024-12-09T12:43:21.000+0100",invalid,3138
"2024-12-09T12:43:21.000+0100",invalid,3138
"2024-12-09T12:43:21.000+0100",invalid,3765
"2024-12-09T12:43:21.000+0100",invalid,3765
"2024-12-09T12:43:21.000+0100",root,1301
"2024-12-09T12:43:21.000+0100",root,1301
"2024-12-09T12:43:21.000+0100",invalid,4535
"2024-12-09T12:43:21.000+0100",invalid,4535
"2024-12-09T12:43:21.000+0100",invalid,4943
"2024-12-09T12:43:21.000+0100",invalid,4943
"2024-12-09T12:43:21.000+0100",invalid,1605
"2024-12-09T12:43:21.000+0100",invalid,1605
"2024-12-09T12:43:21.000+0100",invalid,1135
"2024-12-09T12:43:21.000+0100",invalid,1135
"2024-12-09T12:43:21.000+0100",invalid,4644
"2024-12-09T12:43:21.000+0100",invalid,4644
"2024-12-09T12:43:21.000+0100",invalid,3640
"2024-12-09T12:43:21.000+0100",invalid,3640
"2024-12-09T12:43:21.000+0100",invalid,2558
"2024-12-09T12:43:21.000+0100",invalid,2558
"2024-12-09T12:43:21.000+0100",invalid,4979
"2024-12-09T12:43:21.000+0100",invalid,4979
"2024-12-09T12:43:21.000+0100",britany,4639
"2024-12-09T12:43:21.000+0100",britany,4639
"2024-12-09T12:43:21.000+0100",invalid,3556
"2024-12-09T12:43:21.000+0100",invalid,4880
"2024-12-09T12:43:21.000+0100",invalid,3138
"2024-12-09T12:43:21.000+0100",invalid,3765
"2024-12-09T12:43:21.000+0100",root,1301
"2024-12-09T12:43:21.000+0100",invalid,4535
"2024-12-09T12:43:21.000+0100",invalid,4943
"2024-12-09T12:43:21.000+0100",invalid,1605
"2024-12-09T12:43:21.000+0100",invalid,1135
"2024-12-09T12:43:21.000+0100",invalid,4644
"2024-12-09T12:43:21.000+0100",invalid,3640
"2024-12-09T12:43:21.000+0100",invalid,2558
"2024-12-09T12:43:21.000+0100",invalid,4979
"2024-12-09T12:43:21.000+0100",britany,4639
"2024-12-09T12:43:21.000+0100",invalid,3556
"2024-12-09T12:43:21.000+0100",invalid,3556
"2024-12-09T12:43:21.000+0100",invalid,4880
"2024-12-09T12:43:21.000+0100",invalid,4880
"2024-12-09T12:43:21.000+0100",invalid,3138
"2024-12-09T12:43:21.000+0100",invalid,3138
"2024-12-09T12:43:21.000+0100",invalid,3765
"2024-12-09T12:43:21.000+0100",invalid,3765
"2024-12-09T12:43:21.000+0100",root,1301
"2024-12-09T12:43:21.000+0100",root,1301
"2024-12-09T12:43:21.000+0100",invalid,4535
"2024-12-09T12:43:21.000+0100",invalid,4535
"2024-12-09T12:43:21.000+0100",invalid,4943
"2024-12-09T12:43:21.000+0100",invalid,4943
"2024-12-09T12:43:21.000+0100",invalid,1605
"2024-12-09T12:43:21.000+0100",invalid,1605
"2024-12-09T12:43:21.000+0100",invalid,1135
"2024-12-09T12:43:21.000+0100",invalid,1135
"2024-12-09T12:43:21.000+0100",invalid,4644
"2024-12-09T12:43:21.000+0100",invalid,4644
"2024-12-09T12:43:21.000+0100",invalid,3640
"2024-12-09T12:43:21.000+0100",invalid,3640
"2024-12-09T12:43:21.000+0100",invalid,2558
"2024-12-09T12:43:21.000+0100",invalid,2558
"2024-12-09T12:43:21.000+0100",invalid,4979
"2024-12-09T12:43:21.000+0100",invalid,4979
"2024-12-09T12:43:21.000+0100",britany,4639
"2024-12-09T12:43:21.000+0100",britany,4639
"2024-12-08T12:43:21.000+0100",invalid,2227
"2024-12-08T12:43:21.000+0100",nagios,3362
"2024-12-08T12:43:21.000+0100",invalid,2411
"2024-12-08T12:43:21.000+0100",invalid,2381
"2024-12-08T12:43:21.000+0100",invalid,2213
"2024-12-08T12:43:21.000+0100",invalid,1622
"2024-12-08T12:43:21.000+0100",invalid,1136
"2024-12-08T12:43:21.000+0100",invalid,4564
"2024-12-08T12:43:21.000+0100",invalid,1608
"2024-12-08T12:43:21.000+0100",root,2753
"2024-12-08T12:43:21.000+0100",invalid,1782
"2024-12-08T12:43:21.000+0100",daemon,4892
"2024-12-08T12:43:21.000+0100",invalid,2565
"2024-12-08T12:43:21.000+0100",invalid,2905
"2024-12-08T12:43:21.000+0100",invalid,3771
"2024-12-08T12:43:21.000+0100",invalid,2123
"2024-12-08T12:43:21.000+0100",invalid,2969
"2024-12-08T12:43:21.000+0100",surly,3734
"2024-12-08T12:43:21.000+0100",invalid,4203
"2024-12-08T12:43:21.000+0100",invalid,1454
"2024-12-08T12:43:21.000+0100",invalid,1265
"2024-12-08T12:43:21.000+0100",invalid,4078
"2024-12-08T12:43:21.000+0100",invalid,3311
"2024-12-08T12:43:21.000+0100",invalid,4093
"2024-12-08T12:43:21.000+0100",invalid,3771
"2024-12-08T12:43:21.000+0100",invalid,4379
"2024-12-08T12:43:21.000+0100",invalid,2831
"2024-12-08T12:43:21.000+0100",invalid,4294
"2024-12-08T12:43:21.000+0100",invalid,2121
"2024-12-08T12:43:21.000+0100",invalid,2735
"2024-12-08T12:43:21.000+0100",jira,1958
"2024-12-08T12:43:21.000+0100",invalid,4457
"2024-12-08T12:43:21.000+0100",nagios,2048
"2024-12-08T12:43:21.000+0100",mail,1775
"2024-12-08T12:43:21.000+0100",invalid,2227
"2024-12-08T12:43:21.000+0100",invalid,2227
"2024-12-08T12:43:21.000+0100",nagios,3362
"2024-12-08T12:43:21.000+0100",nagios,3362
"2024-12-08T12:43:21.000+0100",invalid,2411
"2024-12-08T12:43:21.000+0100",invalid,2411
"2024-12-08T12:43:21.000+0100",invalid,2381
"2024-12-08T12:43:21.000+0100",invalid,2381
"2024-12-08T12:43:21.000+0100",invalid,2213
"2024-12-08T12:43:21.000+0100",invalid,2213
"2024-12-08T12:43:21.000+0100",invalid,1622
"2024-12-08T12:43:21.000+0100",invalid,1622
"2024-12-08T12:43:21.000+0100",invalid,1136
"2024-12-08T12:43:21.000+0100",invalid,1136
"2024-12-08T12:43:21.000+0100",invalid,4564
"2024-12-08T12:43:21.000+0100",invalid,4564
"2024-12-08T12:43:21.000+0100",invalid,1608
"2024-12-08T12:43:21.000+0100",invalid,1608
"2024-12-08T12:43:21.000+0100",root,2753
"2024-12-08T12:43:21.000+0100",root,2753
"2024-12-08T12:43:21.000+0100",invalid,1782
"2024-12-08T12:43:21.000+0100",invalid,1782
"2024-12-08T12:43:21.000+0100",daemon,4892
"2024-12-08T12:43:21.000+0100",daemon,4892
"2024-12-08T12:43:21.000+0100",invalid,2565
"2024-12-08T12:43:21.000+0100",invalid,2565
"2024-12-08T12:43:21.000+0100",invalid,2905
"2024-12-08T12:43:21.000+0100",invalid,2905
"2024-12-08T12:43:21.000+0100",invalid,3771
"2024-12-08T12:43:21.000+0100",invalid,3771
"2024-12-08T12:43:21.000+0100",invalid,2123
"2024-12-08T12:43:21.000+0100",invalid,2123
"2024-12-08T12:43:21.000+0100",invalid,2969
"2024-12-08T12:43:21.000+0100",invalid,2969
"2024-12-08T12:43:21.000+0100",surly,3734
"2024-12-08T12:43:21.000+0100",surly,3734
"2024-12-08T12:43:21.000+0100",invalid,4203
"2024-12-08T12:43:21.000+0100",invalid,4203
"2024-12-08T12:43:21.000+0100",invalid,1454
"2024-12-08T12:43:21.000+0100",invalid,1454
"2024-12-08T12:43:21.000+0100",invalid,1265
"2024-12-08T12:43:21.000+0100",invalid,1265
"2024-12-08T12:43:21.000+0100",invalid,4078
"2024-12-08T12:43:21.000+0100",invalid,4078
"2024-12-08T12:43:21.000+0100",invalid,3311
"2024-12-08T12:43:21.000+0100",invalid,3311
"2024-12-08T12:43:21.000+0100",invalid,4093
"2024-12-08T12:43:21.000+0100",invalid,4093
"2024-12-08T12:43:21.000+0100",invalid,3771
"2024-12-08T12:43:21.000+0100",invalid,3771
"2024-12-08T12:43:21.000+0100",invalid,4379
"2024-12-08T12:43:21.000+0100",invalid,4379
"2024-12-08T12:43:21.000+0100",invalid,2831
"2024-12-08T12:43:21.000+0100",invalid,2831
"2024-12-08T12:43:21.000+0100",invalid,2227
"2024-12-08T12:43:21.000+0100",invalid,4294
"2024-12-08T12:43:21.000+0100",invalid,4294
"2024-12-08T12:43:21.000+0100",nagios,3362
"2024-12-08T12:43:21.000+0100",invalid,2121
"2024-12-08T12:43:21.000+0100",invalid,2121
"2024-12-08T12:43:21.000+0100",invalid,2411
"2024-12-08T12:43:21.000+0100",invalid,2735
"2024-12-08T12:43:21.000+0100",invalid,2735
"2024-12-08T12:43:21.000+0100",invalid,2381
"2024-12-08T12:43:21.000+0100",jira,1958
"2024-12-08T12:43:21.000+0100",jira,1958
"2024-12-08T12:43:21.000+0100",invalid,2213
"2024-12-08T12:43:21.000+0100",invalid,4457
"2024-12-08T12:43:21.000+0100",invalid,4457
"2024-12-08T12:43:21.000+0100",invalid,1622
"2024-12-08T12:43:21.000+0100",nagios,2048
"2024-12-08T12:43:21.000+0100",nagios,2048
"2024-12-08T12:43:21.000+0100",invalid,1136
"2024-12-08T12:43:21.000+0100",mail,1775
"2024-12-08T12:43:21.000+0100",mail,1775
"2024-12-08T12:43:21.000+0100",invalid,4564
"2024-12-08T12:43:21.000+0100",invalid,1608
"2024-12-08T12:43:21.000+0100",root,2753
"2024-12-08T12:43:21.000+0100",invalid,1782
"2024-12-08T12:43:21.000+0100",daemon,4892
"2024-12-08T12:43:21.000+0100",invalid,2565
"2024-12-08T12:43:21.000+0100",invalid,2905
"2024-12-08T12:43:21.000+0100",invalid,3771
"2024-12-08T12:43:21.000+0100",invalid,2123
"2024-12-08T12:43:21.000+0100",invalid,2969
"2024-12-08T12:43:21.000+0100",surly,3734
"2024-12-08T12:43:21.000+0100",invalid,4203
"2024-12-08T12:43:21.000+0100",invalid,1454
"2024-12-08T12:43:21.000+0100",invalid,1265
"2024-12-08T12:43:21.000+0100",invalid,4078
"2024-12-08T12:43:21.000+0100",invalid,3311
"2024-12-08T12:43:21.000+0100",invalid,4093
"2024-12-08T12:43:21.000+0100",invalid,3771
"2024-12-08T12:43:21.000+0100",invalid,4379
"2024-12-08T12:43:21.000+0100",invalid,2831
"2024-12-08T12:43:21.000+0100",invalid,4294
"2024-12-08T12:43:21.000+0100",invalid,2121
"2024-12-08T12:43:21.000+0100",invalid,2735
"2024-12-08T12:43:21.000+0100",jira,1958
"2024-12-08T12:43:21.000+0100",invalid,4457
"2024-12-08T12:43:21.000+0100",nagios,2048
"2024-12-08T12:43:21.000+0100",mail,1775
"2024-12-08T12:43:21.000+0100",invalid,2227
"2024-12-08T12:43:21.000+0100",invalid,2227
"2024-12-08T12:43:21.000+0100",nagios,3362
"2024-12-08T12:43:21.000+0100",nagios,3362
"2024-12-08T12:43:21.000+0100",invalid,2411
"2024-12-08T12:43:21.000+0100",invalid,2411
"2024-12-08T12:43:21.000+0100",invalid,2381
"2024-12-08T12:43:21.000+0100",invalid,2381
"2024-12-08T12:43:21.000+0100",invalid,2213
"2024-12-08T12:43:21.000+0100",invalid,2213
"2024-12-08T12:43:21.000+0100",invalid,1622
"2024-12-08T12:43:21.000+0100",invalid,1622
"2024-12-08T12:43:21.000+0100",invalid,1136
"2024-12-08T12:43:21.000+0100",invalid,1136
"2024-12-08T12:43:21.000+0100",invalid,4564
"2024-12-08T12:43:21.000+0100",invalid,4564
"2024-12-08T12:43:21.000+0100",invalid,1608
"2024-12-08T12:43:21.000+0100",invalid,1608
"2024-12-08T12:43:21.000+0100",root,2753
"2024-12-08T12:43:21.000+0100",root,2753
"2024-12-08T12:43:21.000+0100",invalid,1782
"2024-12-08T12:43:21.000+0100",invalid,1782
"2024-12-08T12:43:21.000+0100",daemon,4892
"2024-12-08T12:43:21.000+0100",daemon,4892
"2024-12-08T12:43:21.000+0100",invalid,2565
"2024-12-08T12:43:21.000+0100",invalid,2565
"2024-12-08T12:43:21.000+0100",invalid,2905
"2024-12-08T12:43:21.000+0100",invalid,2905
"2024-12-08T12:43:21.000+0100",invalid,3771
"2024-12-08T12:43:21.000+0100",invalid,3771
"2024-12-08T12:43:21.000+0100",invalid,2123
"2024-12-08T12:43:21.000+0100",invalid,2123
"2024-12-08T12:43:21.000+0100",invalid,2969
"2024-12-08T12:43:21.000+0100",invalid,2969
"2024-12-08T12:43:21.000+0100",surly,3734
"2024-12-08T12:43:21.000+0100",surly,3734
"2024-12-08T12:43:21.000+0100",invalid,4203
"2024-12-08T12:43:21.000+0100",invalid,4203
"2024-12-08T12:43:21.000+0100",invalid,1454
"2024-12-08T12:43:21.000+0100",invalid,1454
"2024-12-08T12:43:21.000+0100",invalid,1265
"2024-12-08T12:43:21.000+0100",invalid,1265
"2024-12-08T12:43:21.000+0100",invalid,4078
"2024-12-08T12:43:21.000+0100",invalid,4078
"2024-12-08T12:43:21.000+0100",invalid,3311
"2024-12-08T12:43:21.000+0100",invalid,3311
"2024-12-08T12:43:21.000+0100",invalid,4093
"2024-12-08T12:43:21.000+0100",invalid,4093
"2024-12-08T12:43:21.000+0100",invalid,3771
"2024-12-08T12:43:21.000+0100",invalid,3771
"2024-12-08T12:43:21.000+0100",invalid,4379
"2024-12-08T12:43:21.000+0100",invalid,4379
"2024-12-08T12:43:21.000+0100",invalid,2831
"2024-12-08T12:43:21.000+0100",invalid,2831
"2024-12-08T12:43:21.000+0100",invalid,4294
"2024-12-08T12:43:21.000+0100",invalid,4294
"2024-12-08T12:43:21.000+0100",invalid,2121
"2024-12-08T12:43:21.000+0100",invalid,2121
"2024-12-08T12:43:21.000+0100",invalid,2735
"2024-12-08T12:43:21.000+0100",invalid,2735
"2024-12-08T12:43:21.000+0100",jira,1958
"2024-12-08T12:43:21.000+0100",jira,1958
"2024-12-08T12:43:21.000+0100",invalid,4457
"2024-12-08T12:43:21.000+0100",invalid,4457
"2024-12-08T12:43:21.000+0100",nagios,2048
"2024-12-08T12:43:21.000+0100",nagios,2048
"2024-12-08T12:43:21.000+0100",mail,1775
"2024-12-08T12:43:21.000+0100",mail,1775
