"IP Address","Failed Attempts"
"107.3.146.207",1692
"108.65.113.83",1494
"109.169.32.135",3090
"110.138.30.229",978
"110.159.208.78",750
"111.161.27.20",516
"112.111.162.4",720
"117.21.246.164",1170
"118.142.68.222",552
"12.130.60.4",1362
"12.130.60.5",930
"121.254.179.199",1098
"121.9.245.177",972
"123.118.73.155",900
"123.196.113.11",1074
"123.30.108.208",942
"124.160.192.241",1062
"125.17.14.100",924
"125.7.55.180",1182
"125.89.78.6",756
"128.241.220.82",3732
"130.253.37.97",780
"131.178.233.243",1182
"141.146.8.66",1320
"142.162.221.28",1236
"142.233.200.21",864
"147.213.138.201",564
"148.107.2.20",978
"170.192.178.10",1290
"173.192.201.242",1356
"173.44.37.226",960
"174.123.217.162",1182
"175.44.1.122",894
"175.44.1.172",972
"175.44.24.82",732
"175.44.26.139",702
"175.44.3.30",870
"176.212.0.44",876
"178.162.239.192",738
"178.19.3.199",1110
"182.236.164.11",792
"183.60.133.18",786
"187.231.45.62",1206
"188.138.40.166",1782
"188.143.232.202",840
"188.173.152.100",708
"190.113.128.150",708
"192.162.19.179",1206
"192.188.106.240",528
"193.33.170.23",1020
"194.146.236.22",828
"194.215.205.19",3084
"194.8.74.23",792
"195.2.240.99",876
"195.216.243.24",1056
"195.69.160.22",1200
"195.69.252.22",420
"195.80.144.22",684
"196.28.38.71",378
"198.228.212.52",1422
"198.35.1.10",840
"198.35.1.75",780
"198.35.2.120",1392
"198.35.3.23",906
"199.15.234.66",924
"2.229.4.58",948
"200.6.134.23",684
"201.122.42.235",1236
"201.28.109.162",744
"201.3.120.132",1236
"201.42.223.29",1368
"202.164.25.24",1194
"202.179.8.245",936
"202.201.1.233",672
"202.91.242.117",1038
"203.172.197.2",840
"203.223.0.20",1074
"203.45.206.135",696
"203.92.58.136",1098
"206.225.11.127",750
"207.36.232.245",786
"208.240.243.170",1230
"208.65.153.253",708
"209.114.36.109",1074
"209.160.24.63",1008
"210.192.123.204",660
"210.76.124.106",888
"211.140.3.183",954
"211.166.11.101",4458
"211.191.168.25",930
"211.245.24.3",1008
"211.25.254.234",1218
"212.235.92.150",1302
"212.27.63.151",762
"212.58.253.71",900
"216.221.226.11",2598
"217.132.169.69",1254
"217.15.20.146",954
"217.197.192.20",834
"217.23.14.61",798
"220.225.12.171",546
"221.204.246.72",1044
"221.207.229.6",690
"222.169.224.226",1044
"222.41.213.238",960
"223.205.219.198",1218
"223.205.219.67",1644
"223.5.16.102",864
"233.77.49.94",1122
"24.185.15.226",816
"27.1.11.11",1638
"27.101.11.11",1506
"27.102.11.11",918
"27.175.11.11",1254
"27.35.11.11",1620
"27.96.128.0",804
"27.96.191.11",864
"46.251.224.66",792
"49.212.64.138",1080
"50.23.124.50",1152
"58.68.236.98",1002
"59.162.167.100",1602
"59.36.99.70",1032
"59.5.100.202",1068
"59.99.230.91",1464
"60.18.93.11",1032
"60.220.218.88",708
"61.164.73.20",762
"62.216.64.19",876
"64.120.15.156",594
"64.66.0.20",786
"65.19.167.94",1716
"66.69.195.226",1008
"67.133.102.54",1290
"67.170.226.218",972
"69.175.97.11",804
"69.72.161.186",1278
"69.80.0.18",1104
"70.38.1.235",1236
"71.192.86.205",1146
"74.125.19.106",1386
"74.208.173.14",504
"74.53.23.135",1230
"74.82.57.172",948
"76.169.7.252",1056
"76.89.103.115",1128
"78.111.167.117",924
"79.189.193.150",1194
"81.11.191.113",1272
"81.18.148.190",1014
"82.245.228.36",1296
"84.34.159.23",930
"85.62.218.82",1002
"86.212.199.60",948
"86.51.1.2",1008
"86.9.190.90",1026
"87.194.216.51",5688
"87.240.128.18",930
"88.12.32.208",1074
"88.191.145.142",1122
"88.191.83.82",900
"89.106.20.218",1278
"89.11.192.18",558
"89.167.143.32",624
"90.205.111.169",1014
"91.199.80.24",666
"91.205.189.15",1074
"91.205.189.27",972
"91.205.40.22",714
"91.208.184.24",942
"91.210.104.143",1518
"91.214.92.22",846
"91.217.178.210",1062
"92.1.170.135",1194
"92.46.53.223",948
"94.229.0.20",1020
"94.229.0.21",768
"94.230.166.185",888
"95.130.170.231",1674
"95.163.78.227",498
"97.117.230.183",1008
"99.61.68.230",1014
